{"cameraMode":{"drawMode":0,"name":"Shaded","section":"Shading Mode"},"sceneLighting":true,"audioPlay":false,"sceneViewState":{"showFog":true,"showMaterialUpdate":false,"showSkybox":true,"showFlares":true,"showImageEffects":true,"showParticleSystems":true},"in2DMode":false,"pivot":{"x":-9.448749542236329,"y":-9.653807640075684,"z":-18.78037452697754},"rotation":{"x":-0.07377587258815766,"y":0.9148638844490051,"z":-0.19529253244400025,"w":-0.3456105589866638},"size":27.058408737182618,"orthographic":false}